groups.properties=/lang/groups/pl.properties
paymentpage.properties=/lang/paymentpage/pl.properties
checkout.properties=/lang/checkout/pl.properties

AMEX.properties=/lang/amex/pl.properties
AMEX-R.properties=/lang/amex/pl.properties
DINERS.properties=/lang/diners/pl.properties
DISCOVER.properties=/lang/discover/pl.properties
MASTERCARD.properties=/lang/mastercard/pl.properties
MASTERCARD-R.properties=/lang/mastercard/pl.properties
VISA.properties=/lang/visa/pl.properties
VISA-R.properties=/lang/visa/pl.properties
UNIONPAY.properties=/lang/unionpay/pl.properties
UNIONPAY-R.properties=/lang/unionpay/pl.properties
JCB.properties=/lang/jcb/pl.properties

PAYPAL.properties=/lang/paypal/pl.properties
NETELLER.properties=/lang/neteller/pl.properties

MAESTRO.properties=/lang/maestro/pl.properties
VISAELECTRON.properties=/lang/visaelectron/pl.properties
VISAELECTRON-R.properties=/lang/visaelectron/pl.properties
CARTEBLEUE.properties=/lang/cartebleue/pl.properties
CARTEBLEUE-R.properties=/lang/cartebleue/pl.properties
CARTEBANCAIRE.properties=/lang/cartebancaire/pl.properties
CARTEBANCAIRE-R.properties=/lang/cartebancaire/pl.properties
ECARTEBLEUE.properties=/lang/ecartebleue/pl.properties
SEPADD.properties=/lang/sepadd/pl.properties
BACS.properties=/lang/bacs/pl.properties
TRUSTLY.properties=/lang/trustly/pl.properties

SOFORTUEBERWEISUNG.properties=/lang/sofortueberweisung/pl.properties

MTRANSFER.properties=/lang/mtransfer/pl.properties
PLACEZINTELIGO.properties=/lang/placezinteligo/pl.properties
MULTITRANSFER.properties=/lang/multitransfer/pl.properties
PLACEZIPKO.properties=/lang/placezipko/pl.properties
PRZELEW24.properties=/lang/przelew24/pl.properties
PLACZNORDEA.properties=/lang/placznordea/pl.properties
PRZELEWZBPH.properties=/lang/przelewzbph/pl.properties
PEKAO24PRZELEW.properties=/lang/pekao24przelew/pl.properties
PLACEZING.properties=/lang/placezing/pl.properties
MILLENET.properties=/lang/millenet/pl.properties
PLACEZALIOR.properties=/lang/placezalior/pl.properties
PLACEZCITIHANDLOWY.properties=/lang/placezcitihandlowy/pl.properties
RPRZELEW.properties=/lang/rprzelew/pl.properties
MERITUMBANKPRZELEW.properties=/lang/meritumbankprzelew/pl.properties
PAYWAYTOYOTABANK.properties=/lang/paywaytoyotabank/pl.properties
PLACZBOS.properties=/lang/placzbos/pl.properties
INGBANK.properties=/lang/ingbank/pl.properties
BANKBPH.properties=/lang/bankbph/pl.properties
BANKPEKAO24.properties=/lang/bankpekao24/pl.properties
MILLENNIUMBANK.properties=/lang/millenniumbank/pl.properties
DEUTSCHEBANK.properties=/lang/deutschebank/pl.properties
KB24.properties=/lang/kb24/pl.properties
PKOBANK.properties=/lang/pkobank/pl.properties
CREDITAGRICOLEBANK.properties=/lang/creditagricolebank/pl.properties
CITIBANKHANDLOWY.properties=/lang/citibankhandlowy/pl.properties
INVESTBANK.properties=/lang/investbank/pl.properties
BOSBANK.properties=/lang/bosbank/pl.properties
BANKBGZ.properties=/lang/bankbgz/pl.properties
BNPPARIBAS.properties=/lang/bnpparibas/pl.properties
VOLKSWAGENBANK.properties=/lang/volkswagenbank/pl.properties
ALIORBANK.properties=/lang/aliorbank/pl.properties
BSWSCHOWA.properties=/lang/bswschowa/pl.properties
POLBANKEFG.properties=/lang/polbankefg/pl.properties
GETINBANK.properties=/lang/getinbank/pl.properties
CREDITCARDS.properties=/lang/creditcards/pl.properties
ALIORSYNC.properties=/lang/aliorsync/pl.properties
PLACEZDEUTSCHEBANK.properties=/lang/placezdeutschebank/pl.properties
PLACEZEUROBANK.properties=/lang/placezeurobank/pl.properties
BANKPOCZTOWY.properties=/lang/bankpocztowy/pl.properties
4B.properties=/lang/4b/pl.properties
EURO6000.properties=/lang/euro6000/pl.properties
MISTERCASH.properties=/lang/mistercash/pl.properties
POSTEPAY.properties=/lang/postepay/pl.properties
SERVIRED.properties=/lang/servired/pl.properties
VISA_DANKORT.properties=/lang/visa_dankort/pl.properties

CHECKOUT.properties=/lang/checkout/pl.properties
PAYMENTPAGE.properties=/lang/paymentpage/pl.properties